,name,score
1101,y_max_x_min,137.2
1095,x_min,117.8
780,w2c_v_std_30,75.0
1091,x_max,64.2
1098,x_sum,58.2
957,w2c_x-y-10_71,57.8
10,cut_4,55.0
11,cut_5,51.8
1100,y_max,51.0
1094,x_mean,48.8
1009,w2c_x-y-v_28,46.8
861,w2c_x-y-1000_75,45.6
1052,w2c_x-y-v_67,43.4
813,w2c_x-y-1000_31,43.2
638,w2c_v-sg_8,43.0
943,w2c_x-y-10_59,41.6
881,w2c_x-y-1000_93,41.0
962,w2c_x-y-10_76,40.4
503,w2c_v-d_48,40.2
1093,x_max_y_min,38.8
868,w2c_x-y-1000_81,38.8
1096,x_skew,38.6
875,w2c_x-y-1000_88,38.6
1040,w2c_x-y-v_56,37.0
513,w2c_v-d_57,36.2
865,w2c_x-y-1000_79,36.0
987,w2c_x-y-10_99,35.6
877,w2c_x-y-1000_9,35.0
985,w2c_x-y-10_97,34.6
8,cut_2,34.4
944,w2c_x-y-10_6,34.0
928,w2c_x-y-10_45,34.0
925,w2c_x-y-10_42,33.8
862,w2c_x-y-1000_76,33.4
791,w2c_x-y-1000_11,33.0
872,w2c_x-y-1000_85,33.0
937,w2c_x-y-10_53,32.8
810,w2c_x-y-1000_29,32.6
818,w2c_x-y-1000_36,32.6
806,w2c_x-y-1000_25,32.6
1064,w2c_x-y-v_78,32.4
797,w2c_x-y-1000_17,32.2
1037,w2c_x-y-v_53,32.2
436,w2c_label_16,31.4
348,w2c_label-d_23,31.4
604,w2c_v-sg_49,30.8
798,w2c_x-y-1000_18,30.8
403,w2c_label-v_15,30.6
353,w2c_label-d_28,30.6
968,w2c_x-y-10_81,30.4
345,w2c_label-d_20,30.4
949,w2c_x-y-10_64,30.2
1046,w2c_x-y-v_61,30.0
920,w2c_x-y-10_38,30.0
1058,w2c_x-y-v_72,30.0
1089,x,30.0
1104,y_min,30.0
808,w2c_x-y-1000_27,29.8
990,w2c_x-y-v_10,29.6
982,w2c_x-y-10_94,29.6
1074,w2c_x-y-v_87,29.6
888,w2c_x-y-10_0,29.4
434,w2c_label_14,29.4
665,w2c_v_diff_13,29.4
1011,w2c_x-y-v_3,29.4
1077,w2c_x-y-v_9,29.2
793,w2c_x-y-1000_13,29.2
586,w2c_v-sg_32,29.2
499,w2c_v-d_44,29.2
840,w2c_x-y-1000_56,29.2
878,w2c_x-y-1000_90,29.0
863,w2c_x-y-1000_77,29.0
845,w2c_x-y-1000_60,28.8
76,geoid_100,28.8
92,v_diff_skew,28.4
1099,y,28.2
432,w2c_label_12,28.0
1001,w2c_x-y-v_20,28.0
350,w2c_label-d_25,28.0
866,w2c_x-y-1000_8,27.8
1025,w2c_x-y-v_42,27.8
460,w2c_v-d_0,27.8
440,w2c_label_2,27.8
909,w2c_x-y-10_28,27.8
795,w2c_x-y-1000_15,27.8
1060,w2c_x-y-v_74,27.6
397,w2c_label-v_1,27.6
905,w2c_x-y-10_24,27.6
646,w2c_v-sg_87,27.6
1087,w2c_x-y-v_99,27.4
1033,w2c_x-y-v_5,27.4
12,cut_6,27.2
814,w2c_x-y-1000_32,27.2
1063,w2c_x-y-v_77,27.2
834,w2c_x-y-1000_50,27.2
452,w2c_label_30,26.6
415,w2c_label-v_26,26.6
1012,w2c_x-y-v_30,26.6
948,w2c_x-y-10_63,26.6
484,w2c_v-d_30,26.4
36,cut_v_3,26.4
805,w2c_x-y-1000_24,26.2
333,w2c_label-d_1,26.2
1034,w2c_x-y-v_50,26.0
839,w2c_x-y-1000_55,26.0
850,w2c_x-y-1000_65,26.0
849,w2c_x-y-1000_64,25.8
1054,w2c_x-y-v_69,25.8
934,w2c_x-y-10_50,25.6
891,w2c_x-y-10_11,25.6
174,w2c_d_76,25.6
398,w2c_label-v_10,25.4
938,w2c_x-y-10_54,25.2
860,w2c_x-y-1000_74,25.2
359,w2c_label-d_5,25.0
571,w2c_v-sg_19,25.0
904,w2c_x-y-10_23,25.0
955,w2c_x-y-10_7,25.0
446,w2c_label_25,24.8
457,w2c_label_7,24.8
803,w2c_x-y-1000_22,24.8
1041,w2c_x-y-v_57,24.8
794,w2c_x-y-1000_14,24.6
605,w2c_v-sg_5,24.6
579,w2c_v-sg_26,24.4
4,cut_11,24.4
140,w2c_d_45,24.4
842,w2c_x-y-1000_58,24.2
1062,w2c_x-y-v_76,24.2
960,w2c_x-y-10_74,24.2
1036,w2c_x-y-v_52,24.2
779,w2c_v_std_3,24.0
97,v_skew,23.8
587,w2c_v-sg_33,23.8
844,w2c_x-y-1000_6,23.6
959,w2c_x-y-10_73,23.6
790,w2c_x-y-1000_10,23.6
815,w2c_x-y-1000_33,23.6
811,w2c_x-y-1000_3,23.6
864,w2c_x-y-1000_78,23.6
913,w2c_x-y-10_31,23.4
1084,w2c_x-y-v_96,23.4
35,cut_v_2,23.2
998,w2c_x-y-v_18,23.0
939,w2c_x-y-10_55,23.0
1005,w2c_x-y-v_24,23.0
542,w2c_v-d_83,23.0
1056,w2c_x-y-v_70,23.0
1039,w2c_x-y-v_55,22.8
858,w2c_x-y-1000_72,22.8
1000,w2c_x-y-v_2,22.8
916,w2c_x-y-10_34,22.8
885,w2c_x-y-1000_97,22.8
832,w2c_x-y-1000_49,22.6
899,w2c_x-y-10_19,22.6
518,w2c_v-d_61,22.6
847,w2c_x-y-1000_62,22.6
1038,w2c_x-y-v_54,22.6
87,v,22.6
799,w2c_x-y-1000_19,22.6
992,w2c_x-y-v_12,22.4
337,w2c_label-d_13,22.4
986,w2c_x-y-10_98,22.4
222,w2c_d_diff_29,22.4
965,w2c_x-y-10_79,22.4
919,w2c_x-y-10_37,22.2
874,w2c_x-y-1000_87,22.2
1071,w2c_x-y-v_84,22.2
613,w2c_v-sg_57,22.0
424,w2c_label-v_6,22.0
1069,w2c_x-y-v_82,22.0
1004,w2c_x-y-v_23,22.0
796,w2c_x-y-1000_16,22.0
442,w2c_label_21,22.0
1003,w2c_x-y-v_22,21.8
25,cut_d_7,21.8
886,w2c_x-y-1000_98,21.8
816,w2c_x-y-1000_34,21.8
991,w2c_x-y-v_11,21.8
416,w2c_label-v_27,21.8
838,w2c_x-y-1000_54,21.8
86,slope,21.6
675,w2c_v_diff_22,21.6
852,w2c_x-y-1000_67,21.6
1075,w2c_x-y-v_88,21.6
859,w2c_x-y-1000_73,21.4
826,w2c_x-y-1000_43,21.4
636,w2c_v-sg_78,21.4
817,w2c_x-y-1000_35,21.4
334,w2c_label-d_10,21.4
358,w2c_label-d_4,21.2
459,w2c_label_9,21.2
639,w2c_v-sg_80,21.2
890,w2c_x-y-10_10,21.2
801,w2c_x-y-1000_20,21.0
827,w2c_x-y-1000_44,21.0
1085,w2c_x-y-v_97,21.0
447,w2c_label_26,21.0
895,w2c_x-y-10_15,21.0
1021,w2c_x-y-v_39,20.8
954,w2c_x-y-10_69,20.8
855,w2c_x-y-1000_7,20.8
912,w2c_x-y-10_30,20.6
809,w2c_x-y-1000_28,20.6
933,w2c_x-y-10_5,20.4
867,w2c_x-y-1000_80,20.4
871,w2c_x-y-1000_84,20.4
1092,x_max_x_min,20.2
961,w2c_x-y-10_75,20.2
1057,w2c_x-y-v_71,20.0
0,area,20.0
360,w2c_label-d_6,20.0
989,w2c_x-y-v_1,19.8
994,w2c_x-y-v_14,19.8
971,w2c_x-y-10_84,19.8
880,w2c_x-y-1000_92,19.8
60,diff_second,19.8
983,w2c_x-y-10_95,19.8
831,w2c_x-y-1000_48,19.8
1086,w2c_x-y-v_98,19.8
1090,x_count,19.8
972,w2c_x-y-10_85,19.8
407,w2c_label-v_19,19.6
966,w2c_x-y-10_8,19.6
978,w2c_x-y-10_90,19.6
607,w2c_v-sg_51,19.6
843,w2c_x-y-1000_59,19.6
924,w2c_x-y-10_41,19.4
619,w2c_v-sg_62,19.4
689,w2c_v_diff_7,19.4
1050,w2c_x-y-v_65,19.4
671,w2c_v_diff_19,19.4
1010,w2c_x-y-v_29,19.2
351,w2c_label-d_26,19.2
18,cut_d_10,19.2
1027,w2c_x-y-v_44,19.0
1073,w2c_x-y-v_86,19.0
958,w2c_x-y-10_72,19.0
822,w2c_x-y-1000_4,19.0
691,w2c_v_diff_9,19.0
410,w2c_label-v_21,18.8
940,w2c_x-y-10_56,18.8
947,w2c_x-y-10_62,18.8
1081,w2c_x-y-v_93,18.8
426,w2c_label-v_8,18.8
922,w2c_x-y-10_4,18.8
1107,y_sum,18.8
1044,w2c_x-y-v_6,18.6
470,w2c_v-d_18,18.6
819,w2c_x-y-1000_37,18.6
857,w2c_x-y-1000_71,18.6
851,w2c_x-y-1000_66,18.4
906,w2c_x-y-10_25,18.4
841,w2c_x-y-1000_57,18.4
820,w2c_x-y-1000_38,18.4
1016,w2c_x-y-v_34,18.4
789,w2c_x-y-1000_1,18.4
1032,w2c_x-y-v_49,18.4
824,w2c_x-y-1000_41,18.4
1079,w2c_x-y-v_91,18.2
409,w2c_label-v_20,18.2
1083,w2c_x-y-v_95,18.2
90,v_diff_mean,18.2
205,w2c_d_diff_13,18.2
884,w2c_x-y-1000_96,18.2
941,w2c_x-y-10_57,18.2
945,w2c_x-y-10_60,18.2
563,w2c_v-sg_11,18.0
637,w2c_v-sg_79,18.0
835,w2c_x-y-1000_51,18.0
417,w2c_label-v_28,18.0
975,w2c_x-y-10_88,18.0
1008,w2c_x-y-v_27,17.8
347,w2c_label-d_22,17.8
1030,w2c_x-y-v_47,17.8
406,w2c_label-v_18,17.8
950,w2c_x-y-10_65,17.8
870,w2c_x-y-1000_83,17.8
914,w2c_x-y-10_32,17.8
964,w2c_x-y-10_78,17.6
887,w2c_x-y-1000_99,17.6
405,w2c_label-v_17,17.6
1019,w2c_x-y-v_37,17.6
917,w2c_x-y-10_35,17.6
649,w2c_v-sg_9,17.6
995,w2c_x-y-v_15,17.4
821,w2c_x-y-1000_39,17.4
800,w2c_x-y-1000_2,17.4
441,w2c_label_20,17.4
1105,y_skew,17.4
1023,w2c_x-y-v_40,17.2
621,w2c_v-sg_64,17.2
926,w2c_x-y-10_43,17.2
19,cut_d_11,17.2
1013,w2c_x-y-v_31,17.0
207,w2c_d_diff_15,17.0
396,w2c_label-v_0,17.0
898,w2c_x-y-10_18,17.0
930,w2c_x-y-10_47,17.0
999,w2c_x-y-v_19,17.0
1024,w2c_x-y-v_41,17.0
1068,w2c_x-y-v_81,16.8
833,w2c_x-y-1000_5,16.8
532,w2c_v-d_74,16.8
361,w2c_label-d_7,16.8
1051,w2c_x-y-v_66,16.8
678,w2c_v_diff_25,16.8
823,w2c_x-y-1000_40,16.8
1078,w2c_x-y-v_90,16.6
967,w2c_x-y-10_80,16.6
988,w2c_x-y-v_0,16.6
69,dis_t_diff_max,16.6
438,w2c_label_18,16.6
1043,w2c_x-y-v_59,16.6
894,w2c_x-y-10_14,16.6
825,w2c_x-y-1000_42,16.6
188,w2c_d_89,16.4
788,w2c_x-y-1000_0,16.4
1020,w2c_x-y-v_38,16.4
927,w2c_x-y-10_44,16.4
1028,w2c_x-y-v_45,16.4
918,w2c_x-y-10_36,16.2
22,cut_d_4,16.2
399,w2c_label-v_11,16.2
869,w2c_x-y-1000_82,16.2
349,w2c_label-d_24,16.2
1022,w2c_x-y-v_4,16.0
1029,w2c_x-y-v_46,16.0
400,w2c_label-v_12,16.0
1031,w2c_x-y-v_48,15.8
344,w2c_label-d_2,15.8
804,w2c_x-y-1000_23,15.8
1076,w2c_x-y-v_89,15.8
893,w2c_x-y-10_13,15.8
423,w2c_label-v_5,15.8
448,w2c_label_27,15.8
527,w2c_v-d_7,15.8
641,w2c_v-sg_82,15.6
1049,w2c_x-y-v_64,15.6
1065,w2c_x-y-v_79,15.6
428,w2c_label_0,15.6
51,d_diff,15.6
807,w2c_x-y-1000_26,15.6
1042,w2c_x-y-v_58,15.6
437,w2c_label_17,15.6
1070,w2c_x-y-v_83,15.4
1014,w2c_x-y-v_32,15.4
854,w2c_x-y-1000_69,15.4
952,w2c_x-y-10_67,15.4
408,w2c_label-v_2,15.4
836,w2c_x-y-1000_52,15.4
969,w2c_x-y-10_82,15.4
769,w2c_v_std_20,15.4
444,w2c_label_23,15.4
802,w2c_x-y-1000_21,15.2
517,w2c_v-d_60,15.2
355,w2c_label-d_3,15.2
1035,w2c_x-y-v_51,15.2
942,w2c_x-y-10_58,15.2
856,w2c_x-y-1000_70,15.2
98,v_std,15.0
177,w2c_d_79,15.0
1082,w2c_x-y-v_94,15.0
489,w2c_v-d_35,15.0
356,w2c_label-d_30,15.0
485,w2c_v-d_31,14.8
829,w2c_x-y-1000_46,14.8
458,w2c_label_8,14.8
453,w2c_label_31,14.8
996,w2c_x-y-v_16,14.8
419,w2c_label-v_3,14.6
425,w2c_label-v_7,14.6
610,w2c_v-sg_54,14.6
102,w2c_d_10,14.6
175,w2c_d_77,14.6
1026,w2c_x-y-v_43,14.6
420,w2c_label-v_30,14.4
340,w2c_label-d_16,14.4
65,dis_diff_skew,14.4
889,w2c_x-y-10_1,14.4
979,w2c_x-y-10_91,14.4
642,w2c_v-sg_83,14.4
1006,w2c_x-y-v_25,14.4
1045,w2c_x-y-v_60,14.4
956,w2c_x-y-10_70,14.4
479,w2c_v-d_26,14.4
1072,w2c_x-y-v_85,14.2
443,w2c_label_22,14.2
873,w2c_x-y-1000_86,14.2
383,w2c_label-date_26,14.2
346,w2c_label-d_21,14.2
879,w2c_x-y-1000_91,14.2
1103,y_mean,14.2
209,w2c_d_diff_17,14.2
812,w2c_x-y-1000_30,14.2
910,w2c_x-y-10_29,14.2
931,w2c_x-y-10_48,14.0
449,w2c_label_28,14.0
1048,w2c_x-y-v_63,14.0
1047,w2c_x-y-v_62,14.0
976,w2c_x-y-10_89,14.0
896,w2c_x-y-10_16,14.0
56,d_diff_std,14.0
908,w2c_x-y-10_27,14.0
907,w2c_x-y-10_26,13.8
421,w2c_label-v_31,13.8
339,w2c_label-d_15,13.8
1066,w2c_x-y-v_8,13.8
341,w2c_label-d_17,13.8
901,w2c_x-y-10_20,13.8
830,w2c_x-y-1000_47,13.6
596,w2c_v-sg_41,13.6
897,w2c_x-y-10_17,13.6
757,w2c_v_std_1,13.6
429,w2c_label_1,13.6
166,w2c_d_69,13.6
469,w2c_v-d_17,13.6
332,w2c_label-d_0,13.6
401,w2c_label-v_13,13.6
541,w2c_v-d_82,13.6
977,w2c_x-y-10_9,13.4
422,w2c_label-v_4,13.4
1018,w2c_x-y-v_36,13.4
1080,w2c_x-y-v_92,13.4
900,w2c_x-y-10_2,13.4
658,w2c_v-sg_98,13.2
3,cut_10,13.2
777,w2c_v_std_28,13.2
973,w2c_x-y-10_86,13.2
414,w2c_label-v_25,13.2
1067,w2c_x-y-v_80,13.2
454,w2c_label_4,13.2
902,w2c_x-y-10_21,13.2
1007,w2c_x-y-v_26,13.2
515,w2c_v-d_59,13.0
935,w2c_x-y-10_51,13.0
338,w2c_label-d_14,13.0
997,w2c_x-y-v_17,13.0
883,w2c_x-y-1000_95,13.0
1017,w2c_x-y-v_35,13.0
435,w2c_label_15,13.0
882,w2c_x-y-1000_94,13.0
29,cut_v_1,12.8
572,w2c_v-sg_2,12.8
352,w2c_label-d_27,12.8
371,w2c_label-date_15,12.8
710,w2c_v_max_25,12.8
792,w2c_x-y-1000_12,12.8
72,dis_t_diff_skew,12.8
970,w2c_x-y-10_83,12.8
386,w2c_label-date_29,12.8
1059,w2c_x-y-v_73,12.8
362,w2c_label-d_8,12.8
936,w2c_x-y-10_52,12.8
848,w2c_x-y-1000_63,12.6
568,w2c_v-sg_16,12.6
846,w2c_x-y-1000_61,12.6
921,w2c_x-y-10_39,12.6
980,w2c_x-y-10_92,12.6
1102,y_max_y_min,12.6
837,w2c_x-y-1000_53,12.6
512,w2c_v-d_56,12.4
1053,w2c_x-y-v_68,12.4
357,w2c_label-d_31,12.4
17,cut_d_1,12.4
381,w2c_label-date_24,12.4
427,w2c_label-v_9,12.4
903,w2c_x-y-10_22,12.4
1097,x_std,12.2
354,w2c_label-d_29,12.2
762,w2c_v_std_14,12.2
505,w2c_v-d_5,12.2
1106,y_std,12.2
892,w2c_x-y-10_12,12.2
519,w2c_v-d_62,12.2
974,w2c_x-y-10_87,12.2
450,w2c_label_29,12.0
876,w2c_x-y-1000_89,12.0
445,w2c_label_24,12.0
376,w2c_label-date_2,12.0
776,w2c_v_std_27,12.0
764,w2c_v_std_16,12.0
951,w2c_x-y-10_66,12.0
558,w2c_v-d_98,12.0
759,w2c_v_std_11,12.0
632,w2c_v-sg_74,11.8
782,w2c_v_std_4,11.8
336,w2c_label-d_12,11.8
342,w2c_label-d_18,11.8
412,w2c_label-v_23,11.8
451,w2c_label_3,11.8
963,w2c_x-y-10_77,11.8
577,w2c_v-sg_24,11.8
372,w2c_label-date_16,11.6
929,w2c_x-y-10_46,11.6
266,w2c_date_4,11.6
655,w2c_v-sg_95,11.6
439,w2c_label_19,11.6
565,w2c_v-sg_13,11.4
363,w2c_label-d_9,11.4
15,cut_9,11.4
369,w2c_label-date_13,11.4
622,w2c_v-sg_65,11.4
477,w2c_v-d_24,11.4
656,w2c_v-sg_96,11.4
630,w2c_v-sg_72,11.2
1061,w2c_x-y-v_75,11.2
993,w2c_x-y-v_13,11.2
482,w2c_v-d_29,11.2
14,cut_8,11.2
785,w2c_v_std_7,11.0
431,w2c_label_11,11.0
404,w2c_label-v_16,11.0
984,w2c_x-y-10_96,11.0
853,w2c_x-y-1000_68,11.0
946,w2c_x-y-10_61,11.0
474,w2c_v-d_21,10.8
456,w2c_label_6,10.8
88,v_diff,10.8
828,w2c_x-y-1000_45,10.8
204,w2c_d_diff_12,10.8
640,w2c_v-sg_81,10.8
257,w2c_date_31,10.6
923,w2c_x-y-10_40,10.6
666,w2c_v_diff_14,10.6
30,cut_v_10,10.4
1015,w2c_x-y-v_33,10.4
335,w2c_label-d_11,10.4
291,w2c_date_62,10.4
767,w2c_v_std_19,10.4
953,w2c_x-y-10_68,10.4
37,cut_v_4,10.4
1002,w2c_x-y-v_21,10.4
147,w2c_d_51,10.2
468,w2c_v-d_16,10.2
55,d_diff_skew,10.2
214,w2c_d_diff_21,10.2
575,w2c_v-sg_22,10.0
502,w2c_v-d_47,10.0
413,w2c_label-v_24,10.0
786,w2c_v_std_8,10.0
932,w2c_x-y-10_49,10.0
418,w2c_label-v_29,10.0
402,w2c_label-v_14,9.8
75,geoid_10,9.8
430,w2c_label_10,9.8
411,w2c_label-v_22,9.8
915,w2c_x-y-10_33,9.6
676,w2c_v_diff_23,9.6
112,w2c_d_2,9.6
195,w2c_d_95,9.6
78,geoid_10_min,9.6
553,w2c_v-d_93,9.4
23,cut_d_5,9.4
603,w2c_v-sg_48,9.4
509,w2c_v-d_53,9.2
9,cut_3,9.2
687,w2c_v_diff_5,9.0
531,w2c_v-d_73,9.0
455,w2c_label_5,9.0
99,v_sum,9.0
218,w2c_d_diff_25,9.0
196,w2c_d_96,9.0
71,dis_t_diff_min,8.8
302,w2c_date_72,8.8
377,w2c_label-date_20,8.8
287,w2c_date_59,8.8
523,w2c_v-d_66,8.8
210,w2c_d_diff_18,8.8
729,w2c_v_min_13,8.6
198,w2c_d_98,8.6
773,w2c_v_std_24,8.6
911,w2c_x-y-10_3,8.6
91,v_diff_min,8.6
616,w2c_v-sg_6,8.6
62,dis_diff_max,8.6
660,w2c_v_diff_0,8.6
560,w2c_v-sg_0,8.6
375,w2c_label-date_19,8.6
593,w2c_v-sg_39,8.4
279,w2c_date_51,8.4
41,cut_v_8,8.4
364,w2c_label-date_0,8.4
1055,w2c_x-y-v_7,8.4
492,w2c_v-d_38,8.4
329,w2c_date_97,8.4
379,w2c_label-date_22,8.2
567,w2c_v-sg_15,8.2
343,w2c_label-d_19,8.2
373,w2c_label-date_17,8.2
681,w2c_v_diff_28,8.0
674,w2c_v_diff_21,8.0
667,w2c_v_diff_15,8.0
38,cut_v_5,8.0
784,w2c_v_std_6,8.0
49,d_cos_std,8.0
631,w2c_v-sg_73,8.0
390,w2c_label-date_4,8.0
57,d_diff_sum,7.8
378,w2c_label-date_21,7.8
42,cut_v_9,7.6
301,w2c_date_71,7.6
495,w2c_v-d_40,7.6
114,w2c_d_21,7.6
653,w2c_v-sg_93,7.6
380,w2c_label-date_23,7.6
212,w2c_d_diff_2,7.6
391,w2c_label-date_5,7.6
592,w2c_v-sg_38,7.6
262,w2c_date_36,7.6
89,v_diff_max,7.6
760,w2c_v_std_12,7.6
758,w2c_v_std_10,7.4
192,w2c_d_92,7.4
13,cut_7,7.4
27,cut_d_9,7.4
494,w2c_v-d_4,7.4
650,w2c_v-sg_90,7.4
39,cut_v_6,7.4
768,w2c_v_std_2,7.4
232,w2c_date_0,7.2
566,w2c_v-sg_14,7.2
261,w2c_date_35,7.2
707,w2c_v_max_22,7.2
766,w2c_v_std_18,7.2
171,w2c_d_73,7.0
679,w2c_v_diff_26,7.0
118,w2c_d_25,7.0
433,w2c_label_13,7.0
141,w2c_d_46,7.0
319,w2c_date_88,7.0
690,w2c_v_diff_8,6.8
668,w2c_v_diff_16,6.8
770,w2c_v_std_21,6.8
189,w2c_d_9,6.8
284,w2c_date_56,6.8
50,d_cos_sum,6.8
310,w2c_date_8,6.6
778,w2c_v_std_29,6.6
26,cut_d_8,6.6
168,w2c_d_70,6.6
585,w2c_v-sg_31,6.6
742,w2c_v_min_25,6.6
21,cut_d_3,6.6
268,w2c_date_41,6.6
578,w2c_v-sg_25,6.4
463,w2c_v-d_11,6.4
365,w2c_label-date_1,6.4
695,w2c_v_max_11,6.4
240,w2c_date_16,6.4
394,w2c_label-date_8,6.4
574,w2c_v-sg_21,6.4
224,w2c_d_diff_30,6.2
712,w2c_v_max_27,6.2
220,w2c_d_diff_27,6.2
683,w2c_v_diff_3,6.2
395,w2c_label-date_9,6.2
497,w2c_v-d_42,6.2
774,w2c_v_std_25,6.0
771,w2c_v_std_22,6.0
981,w2c_x-y-10_93,6.0
246,w2c_date_21,6.0
462,w2c_v-d_10,6.0
501,w2c_v-d_46,6.0
137,w2c_d_42,6.0
464,w2c_v-d_12,5.8
121,w2c_d_28,5.8
79,geoid_50,5.8
765,w2c_v_std_17,5.8
368,w2c_label-date_12,5.8
521,w2c_v-d_64,5.8
59,diff_day,5.8
384,w2c_label-date_27,5.8
547,w2c_v-d_88,5.8
546,w2c_v-d_87,5.8
461,w2c_v-d_1,5.8
20,cut_d_2,5.8
245,w2c_date_20,5.8
185,w2c_d_86,5.8
24,cut_d_6,5.8
775,w2c_v_std_26,5.8
66,dis_diff_std,5.6
125,w2c_d_31,5.6
93,v_diff_std,5.6
317,w2c_date_86,5.6
755,w2c_v_min_9,5.6
388,w2c_label-date_30,5.6
634,w2c_v-sg_76,5.6
382,w2c_label-date_25,5.6
178,w2c_d_8,5.6
366,w2c_label-date_10,5.4
48,d_cos_skew,5.4
595,w2c_v-sg_40,5.4
2,cut_1,5.4
625,w2c_v-sg_68,5.4
564,w2c_v-sg_12,5.4
573,w2c_v-sg_20,5.4
63,dis_diff_mean,5.4
374,w2c_label-date_18,5.4
258,w2c_date_32,5.4
389,w2c_label-date_31,5.4
5,cut_12,5.4
134,w2c_d_4,5.2
370,w2c_label-date_14,5.2
561,w2c_v-sg_1,5.2
161,w2c_d_64,5.2
282,w2c_date_54,5.2
313,w2c_date_82,5.2
299,w2c_date_7,5.2
387,w2c_label-date_3,5.0
309,w2c_date_79,5.0
305,w2c_date_75,5.0
783,w2c_v_std_5,5.0
598,w2c_v-sg_43,5.0
615,w2c_v-sg_59,5.0
236,w2c_date_12,5.0
280,w2c_date_52,5.0
725,w2c_v_min_1,4.8
318,w2c_date_87,4.8
104,w2c_d_12,4.8
476,w2c_v-d_23,4.8
320,w2c_date_89,4.8
95,v_max,4.8
525,w2c_v-d_68,4.8
103,w2c_d_11,4.8
190,w2c_d_90,4.8
756,w2c_v_std_0,4.8
600,w2c_v-sg_45,4.8
530,w2c_v-d_72,4.8
159,w2c_d_62,4.6
273,w2c_date_46,4.6
298,w2c_date_69,4.6
763,w2c_v_std_15,4.6
367,w2c_label-date_11,4.6
247,w2c_date_22,4.6
594,w2c_v-sg_4,4.6
508,w2c_v-d_52,4.6
664,w2c_v_diff_12,4.6
52,d_diff_max,4.6
601,w2c_v-sg_46,4.6
264,w2c_date_38,4.4
289,w2c_date_60,4.4
544,w2c_v-d_85,4.4
44,d_cos,4.4
772,w2c_v_std_23,4.4
94,v_diff_sum,4.4
260,w2c_date_34,4.4
325,w2c_date_93,4.4
254,w2c_date_29,4.4
493,w2c_v-d_39,4.4
43,d,4.2
385,w2c_label-date_28,4.2
187,w2c_d_88,4.2
680,w2c_v_diff_27,4.2
323,w2c_date_91,4.2
115,w2c_d_22,4.2
316,w2c_date_85,4.2
514,w2c_v-d_58,4.2
617,w2c_v-sg_60,4.2
67,dis_diff_sum,4.2
64,dis_diff_min,4.2
149,w2c_d_53,4.2
562,w2c_v-sg_10,4.2
106,w2c_d_14,4.2
256,w2c_date_30,4.2
534,w2c_v-d_76,4.0
300,w2c_date_70,4.0
53,d_diff_mean,4.0
265,w2c_date_39,4.0
253,w2c_date_28,4.0
522,w2c_v-d_65,4.0
726,w2c_v_min_10,4.0
244,w2c_date_2,4.0
239,w2c_date_15,4.0
322,w2c_date_90,3.8
672,w2c_v_diff_2,3.8
643,w2c_v-sg_84,3.8
743,w2c_v_min_26,3.8
28,cut_v_0,3.8
694,w2c_v_max_10,3.8
481,w2c_v-d_28,3.8
465,w2c_v-d_13,3.8
277,w2c_date_5,3.8
537,w2c_v-d_79,3.8
274,w2c_date_47,3.8
752,w2c_v_min_6,3.8
250,w2c_date_25,3.8
304,w2c_date_74,3.8
223,w2c_d_diff_3,3.8
682,w2c_v_diff_29,3.6
706,w2c_v_max_21,3.6
237,w2c_date_13,3.6
589,w2c_v-sg_35,3.6
539,w2c_v-d_80,3.6
40,cut_v_7,3.6
328,w2c_date_96,3.6
206,w2c_d_diff_14,3.6
219,w2c_d_diff_26,3.6
781,w2c_v_std_31,3.6
285,w2c_date_57,3.6
569,w2c_v-sg_17,3.6
661,w2c_v_diff_1,3.6
627,w2c_v-sg_7,3.6
152,w2c_d_56,3.4
692,w2c_v_max_0,3.4
533,w2c_v-d_75,3.4
286,w2c_date_58,3.4
173,w2c_d_75,3.4
483,w2c_v-d_3,3.4
588,w2c_v-sg_34,3.4
688,w2c_v_diff_6,3.4
488,w2c_v-d_34,3.4
490,w2c_v-d_36,3.4
255,w2c_date_3,3.4
787,w2c_v_std_9,3.4
144,w2c_d_49,3.4
197,w2c_d_97,3.4
107,w2c_d_15,3.4
292,w2c_date_63,3.4
122,w2c_d_29,3.4
315,w2c_date_84,3.4
263,w2c_date_37,3.2
718,w2c_v_max_4,3.2
234,w2c_date_10,3.2
249,w2c_date_24,3.2
270,w2c_date_43,3.2
296,w2c_date_67,3.2
295,w2c_date_66,3.2
626,w2c_v-sg_69,3.2
659,w2c_v-sg_99,3.2
73,dis_t_diff_std,3.2
654,w2c_v-sg_94,3.2
651,w2c_v-sg_91,3.2
524,w2c_v-d_67,3.2
735,w2c_v_min_19,3.2
663,w2c_v_diff_11,3.2
119,w2c_d_26,3.2
54,d_diff_min,3.0
233,w2c_date_1,3.0
74,dis_t_diff_sum,3.0
105,w2c_d_13,3.0
722,w2c_v_max_8,3.0
612,w2c_v-sg_56,3.0
324,w2c_date_92,3.0
183,w2c_d_84,3.0
506,w2c_v-d_50,3.0
148,w2c_d_52,3.0
685,w2c_v_diff_31,3.0
231,w2c_d_diff_9,3.0
132,w2c_d_38,3.0
85,mode_hour,3.0
602,w2c_v-sg_47,3.0
272,w2c_date_45,3.0
276,w2c_date_49,3.0
599,w2c_v-sg_44,3.0
584,w2c_v-sg_30,2.8
297,w2c_date_68,2.8
251,w2c_date_26,2.8
135,w2c_d_40,2.8
303,w2c_date_73,2.8
582,w2c_v-sg_29,2.8
491,w2c_v-d_37,2.8
597,w2c_v-sg_42,2.8
170,w2c_d_72,2.8
467,w2c_v-d_15,2.8
194,w2c_d_94,2.8
70,dis_t_diff_mean,2.8
242,w2c_date_18,2.8
306,w2c_date_76,2.8
281,w2c_date_53,2.8
714,w2c_v_max_29,2.8
271,w2c_date_44,2.8
288,w2c_date_6,2.8
611,w2c_v-sg_55,2.8
677,w2c_v_diff_24,2.6
746,w2c_v_min_29,2.6
528,w2c_v-d_70,2.6
327,w2c_date_95,2.6
186,w2c_d_87,2.6
686,w2c_v_diff_4,2.6
545,w2c_v-d_86,2.6
529,w2c_v-d_71,2.6
139,w2c_d_44,2.6
235,w2c_date_11,2.6
647,w2c_v-sg_88,2.6
750,w2c_v_min_4,2.6
471,w2c_v-d_19,2.6
606,w2c_v-sg_50,2.6
243,w2c_date_19,2.4
393,w2c_label-date_7,2.4
696,w2c_v_max_12,2.4
238,w2c_date_14,2.4
761,w2c_v_std_13,2.4
702,w2c_v_max_18,2.4
182,w2c_d_83,2.4
96,v_mean,2.4
100,w2c_d_0,2.4
308,w2c_date_78,2.4
294,w2c_date_65,2.4
267,w2c_date_40,2.4
645,w2c_v-sg_86,2.4
160,w2c_d_63,2.4
259,w2c_date_33,2.4
472,w2c_v-d_2,2.4
228,w2c_d_diff_6,2.4
203,w2c_d_diff_11,2.4
150,w2c_d_54,2.4
581,w2c_v-sg_28,2.4
1,cut_0,2.4
109,w2c_d_17,2.4
498,w2c_v-d_43,2.2
307,w2c_date_77,2.2
510,w2c_v-d_54,2.2
221,w2c_d_diff_28,2.2
557,w2c_v-d_97,2.2
684,w2c_v_diff_30,2.2
720,w2c_v_max_6,2.2
559,w2c_v-d_99,2.2
1088,weekday,2.2
704,w2c_v_max_2,2.2
629,w2c_v-sg_71,2.2
229,w2c_d_diff_7,2.2
669,w2c_v_diff_17,2.2
670,w2c_v_diff_18,2.2
717,w2c_v_max_31,2.2
392,w2c_label-date_6,2.2
466,w2c_v-d_14,2.2
146,w2c_d_50,2.2
269,w2c_date_42,2.2
172,w2c_d_74,2.2
156,w2c_d_6,2.2
275,w2c_date_48,2.2
753,w2c_v_min_7,2.2
128,w2c_d_34,2.2
129,w2c_d_35,2.2
216,w2c_d_diff_23,2.0
46,d_cos_mean,2.0
543,w2c_v-d_84,2.0
504,w2c_v-d_49,2.0
748,w2c_v_min_30,2.0
199,w2c_d_99,2.0
496,w2c_v-d_41,2.0
133,w2c_d_39,2.0
475,w2c_v-d_22,2.0
330,w2c_date_98,2.0
708,w2c_v_max_23,2.0
326,w2c_date_94,2.0
116,w2c_d_23,2.0
314,w2c_date_83,2.0
283,w2c_date_55,2.0
732,w2c_v_min_16,2.0
747,w2c_v_min_3,2.0
311,w2c_date_80,2.0
290,w2c_date_61,2.0
609,w2c_v-sg_53,1.8
241,w2c_date_17,1.8
648,w2c_v-sg_89,1.8
733,w2c_v_min_17,1.8
16,cut_d_0,1.8
163,w2c_d_66,1.8
138,w2c_d_43,1.8
165,w2c_d_68,1.8
227,w2c_d_diff_5,1.8
111,w2c_d_19,1.8
293,w2c_date_64,1.8
556,w2c_v-d_96,1.8
213,w2c_d_diff_20,1.8
58,date_nunique,1.8
540,w2c_v-d_81,1.8
108,w2c_d_16,1.8
473,w2c_v-d_20,1.8
590,w2c_v-sg_36,1.8
201,w2c_d_diff_1,1.8
153,w2c_d_57,1.8
278,w2c_date_50,1.8
608,w2c_v-sg_52,1.8
703,w2c_v_max_19,1.8
633,w2c_v-sg_75,1.6
151,w2c_d_55,1.6
635,w2c_v-sg_77,1.6
736,w2c_v_min_2,1.6
312,w2c_date_81,1.6
738,w2c_v_min_21,1.6
142,w2c_d_47,1.6
620,w2c_v-sg_63,1.6
618,w2c_v-sg_61,1.6
662,w2c_v_diff_10,1.6
331,w2c_date_99,1.6
191,w2c_d_91,1.6
113,w2c_d_20,1.6
101,w2c_d_1,1.6
117,w2c_d_24,1.6
176,w2c_d_78,1.6
699,w2c_v_max_15,1.6
145,w2c_d_5,1.6
230,w2c_d_diff_8,1.6
157,w2c_d_60,1.4
110,w2c_d_18,1.4
321,w2c_date_9,1.4
225,w2c_d_diff_31,1.4
123,w2c_d_3,1.4
583,w2c_v-sg_3,1.4
487,w2c_v-d_33,1.4
180,w2c_d_81,1.4
120,w2c_d_27,1.4
248,w2c_date_23,1.4
202,w2c_d_diff_10,1.4
127,w2c_d_33,1.4
614,w2c_v-sg_58,1.4
673,w2c_v_diff_20,1.4
536,w2c_v-d_78,1.4
520,w2c_v-d_63,1.4
624,w2c_v-sg_67,1.4
693,w2c_v_max_1,1.4
526,w2c_v-d_69,1.2
500,w2c_v-d_45,1.2
739,w2c_v_min_22,1.2
480,w2c_v-d_27,1.2
511,w2c_v-d_55,1.2
31,cut_v_11,1.2
552,w2c_v-d_92,1.2
252,w2c_date_27,1.2
217,w2c_d_diff_24,1.2
723,w2c_v_max_9,1.2
162,w2c_d_65,1.2
652,w2c_v-sg_92,1.2
208,w2c_d_diff_16,1.2
754,w2c_v_min_8,1.2
169,w2c_d_71,1.2
226,w2c_d_diff_4,1.2
167,w2c_d_7,1.2
200,w2c_d_diff_0,1.2
570,w2c_v-sg_18,1.2
158,w2c_d_61,1.2
478,w2c_v-d_25,1.0
486,w2c_v-d_32,1.0
136,w2c_d_41,1.0
507,w2c_v-d_51,1.0
211,w2c_d_diff_19,1.0
555,w2c_v-d_95,1.0
155,w2c_d_59,1.0
576,w2c_v-sg_23,1.0
538,w2c_v-d_8,1.0
154,w2c_d_58,1.0
179,w2c_d_80,0.8
130,w2c_d_36,0.8
724,w2c_v_min_0,0.8
727,w2c_v_min_11,0.8
550,w2c_v-d_90,0.8
713,w2c_v_max_28,0.8
549,w2c_v-d_9,0.8
730,w2c_v_min_14,0.8
657,w2c_v-sg_97,0.8
580,w2c_v-sg_27,0.8
215,w2c_d_diff_22,0.8
126,w2c_d_32,0.8
591,w2c_v-sg_37,0.8
698,w2c_v_max_14,0.8
697,w2c_v_max_13,0.8
535,w2c_v-d_77,0.8
623,w2c_v-sg_66,0.8
193,w2c_d_93,0.8
731,w2c_v_min_15,0.8
131,w2c_d_37,0.6
721,w2c_v_max_7,0.6
700,w2c_v_max_16,0.6
143,w2c_d_48,0.6
516,w2c_v-d_6,0.6
47,d_cos_min,0.6
734,w2c_v_min_18,0.6
705,w2c_v_max_20,0.6
628,w2c_v-sg_70,0.6
181,w2c_d_82,0.6
740,w2c_v_min_23,0.6
701,w2c_v_max_17,0.6
741,w2c_v_min_24,0.6
715,w2c_v_max_3,0.4
709,w2c_v_max_24,0.4
737,w2c_v_min_20,0.4
554,w2c_v-d_94,0.4
749,w2c_v_min_31,0.4
719,w2c_v_max_5,0.4
184,w2c_d_85,0.4
164,w2c_d_67,0.4
551,w2c_v-d_91,0.4
548,w2c_v-d_89,0.4
124,w2c_d_30,0.4
745,w2c_v_min_28,0.2
751,w2c_v_min_5,0.2
711,w2c_v_max_26,0.2
644,w2c_v-sg_85,0.2
716,w2c_v_max_30,0.0
728,w2c_v_min_12,0.0
45,d_cos_max,0.0
32,cut_v_12,0.0
61,dis_diff,0.0
68,dis_t_diff,0.0
77,geoid_10_max,0.0
80,geoid_x_mean_v_mean,0.0
6,cut_13,0.0
7,cut_14,0.0
81,hour,0.0
744,w2c_v_min_27,0.0
82,hour_max,0.0
83,hour_min,0.0
84,hour_nunique,0.0
34,cut_v_14,0.0
33,cut_v_13,0.0
